# Netlify Redirects - Manuel Weiss Website
# =========================================

# Admin & Management Routes
/admin              /admin.html           200
/admin-panel        /admin.html           200  
/user-management    /admin.html           200
/users              /admin.html           200
/analytics          /analytics-dashboard.html 200
/analytics-dashboard /analytics-dashboard.html 200

# Personality Development Routes
/persoenlichkeitsentwicklung /persoenlichkeitsentwicklung-uebersicht.html 200
/personality        /persoenlichkeitsentwicklung-uebersicht.html 200
/methods            /persoenlichkeitsentwicklung-uebersicht.html 200

# English Language Routes (/en/)
/en/persoenlichkeitsentwicklung-uebersicht.html    /en/persoenlichkeitsentwicklung-uebersicht.html  200
/en/persoenlichkeitsentwicklung.html               /en/persoenlichkeitsentwicklung.html            200
/en/ikigai.html                                    /en/ikigai.html                                200
/en/methods/*                                      /en/methods/:splat                             200
/en/*                                              /en/:splat                                    200

# Application Automation Routes
/applications       /applications/index.html      200
/bewerbung          /applications/index.html      200
/bewerbungen        /applications/index.html      200
/application        /applications/index.html      200

# API Documentation & OpenAPI
/api-docs           /api-documentation.html   200
/api-docs/          /api-documentation.html   200
/docs/api           /docs/api/openapi.yaml    200
/openapi.yaml       /docs/api/openapi.yaml    200
/swagger            /api-documentation.html   200

# PWA Routes
/manifest.json      /manifest.json     200
/sw.js             /sw.js             200
/service-worker.js /sw.js             200

# Health & Status Routes
/health             /health.html           200
/status             /health.html           200
/healthz            /health.html           200
/readyz             /health.html           200

# Netlify Functions API Proxy (für /api/* Aufrufe)
# Diese werden auf die Netlify Functions umgeleitet
/api/user-data/*    /.netlify/functions/user-data/:splat  200
/api/cv-general     /.netlify/functions/cv-general        200
/api/cv-target      /.netlify/functions/cv-target         200
/api/cv-job-parse   /.netlify/functions/cv-job-parse      200
/api/cv-files-parse /.netlify/functions/cv-files-parse    200
/api/cv-export      /.netlify/functions/cv-export         200
/api/job-parser     /.netlify/functions/job-parser        200
/api/openai-proxy   /.netlify/functions/openai-proxy      200
/api/api-settings/* /.netlify/functions/api-settings/:splat 200
/api/hero-video/*   /.netlify/functions/hero-video-settings 200
/api/s3-upload      /.netlify/functions/s3-upload         200
/api/contact        /.netlify/functions/send-contact-email 200
/api/highscores     /.netlify/functions/snowflake-highscores 200

# WICHTIG: Kein Catch-all Redirect für SPA!
# Das würde alle anderen Routen überschreiben
# Wenn nötig, nur für spezifische Apps:
# /app/*             /app/index.html           200
